index,lang_id
1,afr
2,eng
3,afr
4,afr
5,nbl
6,afr
7,ssw
8,eng
9,afr
10,xho
11,eng
12,eng
13,afr
14,afr
15,afr
16,afr
17,afr
18,eng
19,ssw
20,sot
21,xho
22,afr
23,afr
24,nbl
25,afr
26,eng
27,afr
28,zul
29,afr
30,eng
31,eng
32,afr
33,afr
34,afr
35,afr
36,ven
37,eng
38,afr
39,afr
40,xho
41,eng
42,afr
43,eng
44,afr
45,ssw
46,afr
47,afr
48,afr
49,eng
50,eng
51,eng
52,afr
53,eng
54,afr
55,afr
56,afr
57,afr
58,afr
59,afr
60,afr
61,nbl
62,afr
63,xho
64,afr
65,afr
66,afr
67,eng
68,afr
69,afr
70,afr
71,afr
72,afr
73,eng
74,afr
75,ven
76,eng
77,eng
78,afr
79,eng
80,afr
81,zul
82,eng
83,afr
84,eng
85,nso
86,eng
87,afr
88,eng
89,eng
90,afr
91,afr
92,afr
93,afr
94,afr
95,afr
96,afr
97,xho
98,afr
99,afr
100,afr
101,ven
102,afr
103,eng
104,afr
105,afr
106,afr
107,eng
108,afr
109,eng
110,afr
111,eng
112,afr
113,afr
114,afr
115,afr
116,eng
117,ssw
118,eng
119,nbl
120,tso
121,afr
122,nbl
123,eng
124,eng
125,afr
126,zul
127,afr
128,eng
129,afr
130,eng
131,eng
132,afr
133,afr
134,eng
135,afr
136,eng
137,eng
138,afr
139,afr
140,ssw
141,afr
142,afr
143,eng
144,afr
145,afr
146,afr
147,afr
148,eng
149,afr
150,afr
151,eng
152,afr
153,afr
154,eng
155,xho
156,afr
157,afr
158,afr
159,xho
160,eng
161,afr
162,eng
163,zul
164,afr
165,afr
166,afr
167,afr
168,afr
169,nbl
170,eng
171,afr
172,eng
173,afr
174,nbl
175,eng
176,afr
177,xho
178,afr
179,eng
180,eng
181,eng
182,eng
183,afr
184,afr
185,eng
186,afr
187,afr
188,afr
189,afr
190,afr
191,eng
192,afr
193,afr
194,zul
195,afr
196,afr
197,afr
198,eng
199,afr
200,nso
201,afr
202,ssw
203,eng
204,eng
205,eng
206,nbl
207,afr
208,afr
209,eng
210,eng
211,afr
212,eng
213,nbl
214,eng
215,afr
216,ssw
217,ssw
218,afr
219,zul
220,nbl
221,afr
222,afr
223,xho
224,xho
225,nbl
226,eng
227,eng
228,nbl
229,eng
230,afr
231,afr
232,afr
233,afr
234,eng
235,afr
236,eng
237,afr
238,eng
239,eng
240,afr
241,zul
242,tso
243,eng
244,eng
245,afr
246,eng
247,eng
248,afr
249,eng
250,afr
251,afr
252,afr
253,afr
254,ssw
255,afr
256,eng
257,eng
258,zul
259,xho
260,afr
261,afr
262,nso
263,eng
264,eng
265,afr
266,afr
267,eng
268,afr
269,afr
270,ssw
271,afr
272,xho
273,eng
274,afr
275,afr
276,afr
277,afr
278,eng
279,afr
280,afr
281,afr
282,eng
283,afr
284,afr
285,xho
286,afr
287,afr
288,afr
289,afr
290,afr
291,afr
292,afr
293,eng
294,afr
295,afr
296,afr
297,afr
298,eng
299,afr
300,eng
301,afr
302,xho
303,afr
304,eng
305,afr
306,nbl
307,eng
308,afr
309,eng
310,afr
311,afr
312,afr
313,eng
314,eng
315,ven
316,afr
317,xho
318,eng
319,eng
320,afr
321,afr
322,eng
323,afr
324,afr
325,eng
326,nso
327,afr
328,afr
329,eng
330,xho
331,afr
332,afr
333,afr
334,afr
335,afr
336,zul
337,xho
338,afr
339,afr
340,afr
341,afr
342,eng
343,eng
344,afr
345,eng
346,eng
347,eng
348,eng
349,eng
350,ssw
351,eng
352,nbl
353,eng
354,eng
355,afr
356,afr
357,afr
358,eng
359,afr
360,afr
361,ven
362,afr
363,eng
364,afr
365,eng
366,afr
367,afr
368,afr
369,nbl
370,nbl
371,afr
372,nbl
373,afr
374,eng
375,afr
376,afr
377,afr
378,afr
379,eng
380,afr
381,afr
382,afr
383,afr
384,afr
385,xho
386,afr
387,afr
388,afr
389,afr
390,afr
391,afr
392,xho
393,afr
394,afr
395,eng
396,eng
397,eng
398,eng
399,nbl
400,eng
401,eng
402,eng
403,afr
404,eng
405,xho
406,afr
407,nbl
408,afr
409,eng
410,afr
411,afr
412,afr
413,afr
414,afr
415,afr
416,eng
417,afr
418,eng
419,afr
420,eng
421,eng
422,afr
423,afr
424,afr
425,afr
426,ven
427,afr
428,eng
429,eng
430,eng
431,afr
432,ven
433,eng
434,afr
435,ssw
436,afr
437,nbl
438,afr
439,afr
440,afr
441,eng
442,afr
443,afr
444,afr
445,afr
446,afr
447,afr
448,eng
449,eng
450,afr
451,eng
452,afr
453,afr
454,nbl
455,afr
456,afr
457,afr
458,zul
459,afr
460,afr
461,eng
462,sot
463,afr
464,afr
465,afr
466,afr
467,afr
468,afr
469,afr
470,afr
471,xho
472,afr
473,xho
474,xho
475,afr
476,afr
477,afr
478,afr
479,afr
480,afr
481,eng
482,afr
483,nbl
484,afr
485,afr
486,afr
487,nbl
488,afr
489,afr
490,afr
491,afr
492,afr
493,nso
494,afr
495,afr
496,eng
497,eng
498,afr
499,afr
500,afr
501,eng
502,eng
503,afr
504,afr
505,afr
506,ssw
507,nbl
508,afr
509,ven
510,ven
511,xho
512,afr
513,nbl
514,afr
515,xho
516,ssw
517,nbl
518,afr
519,eng
520,afr
521,afr
522,afr
523,afr
524,afr
525,zul
526,afr
527,afr
528,afr
529,eng
530,eng
531,afr
532,nbl
533,afr
534,afr
535,eng
536,afr
537,zul
538,xho
539,afr
540,afr
541,afr
542,eng
543,eng
544,nbl
545,afr
546,afr
547,eng
548,xho
549,eng
550,eng
551,afr
552,tso
553,afr
554,afr
555,afr
556,ssw
557,afr
558,afr
559,xho
560,afr
561,afr
562,afr
563,xho
564,eng
565,eng
566,afr
567,afr
568,afr
569,nbl
570,ssw
571,nbl
572,afr
573,afr
574,afr
575,afr
576,eng
577,afr
578,eng
579,ssw
580,afr
581,eng
582,eng
583,afr
584,afr
585,nbl
586,afr
587,nbl
588,nso
589,ven
590,tso
591,afr
592,eng
593,afr
594,xho
595,afr
596,afr
597,eng
598,eng
599,afr
600,nbl
601,afr
602,ssw
603,afr
604,eng
605,eng
606,afr
607,eng
608,xho
609,ssw
610,afr
611,afr
612,afr
613,afr
614,afr
615,ssw
616,eng
617,afr
618,afr
619,eng
620,afr
621,afr
622,afr
623,afr
624,eng
625,afr
626,afr
627,afr
628,afr
629,afr
630,afr
631,eng
632,afr
633,afr
634,eng
635,ssw
636,afr
637,afr
638,nbl
639,eng
640,eng
641,eng
642,afr
643,afr
644,eng
645,afr
646,zul
647,afr
648,afr
649,eng
650,eng
651,ven
652,eng
653,eng
654,eng
655,afr
656,xho
657,afr
658,eng
659,afr
660,afr
661,eng
662,ssw
663,afr
664,eng
665,afr
666,eng
667,afr
668,afr
669,afr
670,afr
671,afr
672,ven
673,eng
674,eng
675,afr
676,eng
677,ssw
678,xho
679,afr
680,afr
681,afr
682,afr
683,afr
684,afr
685,afr
686,eng
687,eng
688,afr
689,afr
690,nbl
691,nbl
692,ven
693,afr
694,ssw
695,afr
696,afr
697,eng
698,afr
699,eng
700,afr
701,afr
702,afr
703,afr
704,afr
705,eng
706,afr
707,afr
708,afr
709,afr
710,afr
711,afr
712,zul
713,eng
714,afr
715,afr
716,afr
717,afr
718,eng
719,xho
720,nbl
721,eng
722,ven
723,afr
724,eng
725,eng
726,nso
727,afr
728,eng
729,afr
730,ven
731,afr
732,afr
733,eng
734,afr
735,xho
736,xho
737,afr
738,xho
739,ssw
740,afr
741,xho
742,afr
743,afr
744,eng
745,tso
746,afr
747,afr
748,afr
749,afr
750,eng
751,eng
752,xho
753,afr
754,afr
755,xho
756,afr
757,eng
758,afr
759,eng
760,eng
761,nbl
762,afr
763,afr
764,eng
765,eng
766,afr
767,eng
768,afr
769,afr
770,afr
771,xho
772,eng
773,eng
774,xho
775,xho
776,eng
777,afr
778,afr
779,xho
780,afr
781,eng
782,afr
783,nbl
784,eng
785,afr
786,ssw
787,afr
788,eng
789,eng
790,afr
791,eng
792,afr
793,afr
794,afr
795,xho
796,afr
797,afr
798,afr
799,afr
800,afr
801,ven
802,ssw
803,eng
804,afr
805,afr
806,eng
807,afr
808,zul
809,afr
810,eng
811,nbl
812,afr
813,afr
814,afr
815,afr
816,eng
817,afr
818,eng
819,nbl
820,eng
821,xho
822,afr
823,afr
824,nso
825,eng
826,afr
827,afr
828,afr
829,afr
830,zul
831,eng
832,afr
833,afr
834,eng
835,xho
836,eng
837,xho
838,xho
839,eng
840,afr
841,ven
842,afr
843,ssw
844,eng
845,afr
846,afr
847,afr
848,eng
849,afr
850,afr
851,afr
852,eng
853,afr
854,afr
855,afr
856,afr
857,xho
858,eng
859,afr
860,ssw
861,eng
862,afr
863,afr
864,afr
865,afr
866,afr
867,afr
868,ssw
869,afr
870,afr
871,eng
872,eng
873,afr
874,afr
875,afr
876,eng
877,afr
878,xho
879,eng
880,afr
881,xho
882,xho
883,afr
884,afr
885,afr
886,eng
887,eng
888,afr
889,ssw
890,nbl
891,afr
892,eng
893,afr
894,eng
895,nbl
896,afr
897,afr
898,afr
899,nbl
900,afr
901,afr
902,eng
903,afr
904,eng
905,zul
906,eng
907,afr
908,afr
909,nso
910,afr
911,afr
912,nbl
913,zul
914,eng
915,afr
916,afr
917,afr
918,afr
919,afr
920,afr
921,afr
922,xho
923,eng
924,ssw
925,afr
926,afr
927,afr
928,eng
929,nbl
930,eng
931,sot
932,eng
933,afr
934,afr
935,afr
936,afr
937,afr
938,afr
939,afr
940,afr
941,ven
942,eng
943,afr
944,eng
945,eng
946,nbl
947,afr
948,afr
949,afr
950,eng
951,afr
952,afr
953,afr
954,afr
955,nbl
956,eng
957,afr
958,afr
959,eng
960,eng
961,eng
962,afr
963,eng
964,eng
965,ven
966,afr
967,xho
968,afr
969,eng
970,afr
971,xho
972,afr
973,afr
974,eng
975,afr
976,eng
977,eng
978,afr
979,ven
980,eng
981,eng
982,afr
983,xho
984,ven
985,sot
986,afr
987,eng
988,eng
989,ssw
990,afr
991,afr
992,afr
993,eng
994,eng
995,xho
996,afr
997,eng
998,xho
999,eng
1000,ssw
1001,afr
1002,afr
1003,afr
1004,afr
1005,xho
1006,afr
1007,eng
1008,afr
1009,afr
1010,afr
1011,afr
1012,afr
1013,eng
1014,afr
1015,nbl
1016,eng
1017,afr
1018,ssw
1019,afr
1020,eng
1021,afr
1022,afr
1023,xho
1024,eng
1025,eng
1026,xho
1027,afr
1028,zul
1029,afr
1030,afr
1031,afr
1032,eng
1033,afr
1034,afr
1035,afr
1036,afr
1037,eng
1038,afr
1039,eng
1040,nbl
1041,afr
1042,zul
1043,eng
1044,afr
1045,eng
1046,zul
1047,eng
1048,xho
1049,afr
1050,afr
1051,afr
1052,afr
1053,eng
1054,afr
1055,eng
1056,nbl
1057,afr
1058,afr
1059,afr
1060,eng
1061,nbl
1062,afr
1063,eng
1064,eng
1065,ssw
1066,afr
1067,eng
1068,afr
1069,afr
1070,eng
1071,afr
1072,afr
1073,afr
1074,nbl
1075,afr
1076,afr
1077,eng
1078,eng
1079,ven
1080,afr
1081,eng
1082,afr
1083,afr
1084,afr
1085,eng
1086,eng
1087,afr
1088,eng
1089,afr
1090,afr
1091,afr
1092,afr
1093,afr
1094,eng
1095,afr
1096,afr
1097,afr
1098,afr
1099,nso
1100,eng
1101,afr
1102,eng
1103,afr
1104,afr
1105,afr
1106,afr
1107,eng
1108,eng
1109,afr
1110,eng
1111,afr
1112,eng
1113,eng
1114,afr
1115,xho
1116,ssw
1117,ssw
1118,afr
1119,afr
1120,afr
1121,afr
1122,eng
1123,afr
1124,ssw
1125,afr
1126,afr
1127,afr
1128,eng
1129,nbl
1130,afr
1131,afr
1132,ssw
1133,ven
1134,afr
1135,afr
1136,afr
1137,afr
1138,afr
1139,eng
1140,xho
1141,eng
1142,ssw
1143,eng
1144,afr
1145,afr
1146,afr
1147,afr
1148,eng
1149,afr
1150,eng
1151,afr
1152,afr
1153,afr
1154,afr
1155,afr
1156,eng
1157,eng
1158,afr
1159,afr
1160,ven
1161,afr
1162,eng
1163,afr
1164,afr
1165,xho
1166,nso
1167,afr
1168,afr
1169,afr
1170,afr
1171,afr
1172,afr
1173,xho
1174,eng
1175,xho
1176,afr
1177,eng
1178,eng
1179,nbl
1180,eng
1181,afr
1182,eng
1183,afr
1184,afr
1185,zul
1186,nbl
1187,afr
1188,eng
1189,eng
1190,afr
1191,eng
1192,afr
1193,nbl
1194,afr
1195,eng
1196,ssw
1197,afr
1198,afr
1199,afr
1200,afr
1201,afr
1202,afr
1203,afr
1204,afr
1205,afr
1206,xho
1207,afr
1208,eng
1209,eng
1210,xho
1211,afr
1212,afr
1213,eng
1214,xho
1215,nbl
1216,afr
1217,nbl
1218,eng
1219,afr
1220,ssw
1221,eng
1222,afr
1223,xho
1224,afr
1225,afr
1226,afr
1227,eng
1228,afr
1229,nbl
1230,afr
1231,eng
1232,afr
1233,afr
1234,afr
1235,afr
1236,afr
1237,afr
1238,ven
1239,eng
1240,eng
1241,xho
1242,eng
1243,zul
1244,nbl
1245,afr
1246,afr
1247,xho
1248,eng
1249,eng
1250,eng
1251,afr
1252,eng
1253,eng
1254,eng
1255,afr
1256,afr
1257,afr
1258,eng
1259,afr
1260,afr
1261,xho
1262,afr
1263,afr
1264,afr
1265,xho
1266,afr
1267,eng
1268,eng
1269,eng
1270,afr
1271,eng
1272,eng
1273,afr
1274,ssw
1275,afr
1276,zul
1277,eng
1278,afr
1279,xho
1280,eng
1281,afr
1282,nbl
1283,afr
1284,afr
1285,ven
1286,eng
1287,eng
1288,eng
1289,afr
1290,ven
1291,ssw
1292,xho
1293,afr
1294,eng
1295,nbl
1296,afr
1297,eng
1298,afr
1299,afr
1300,afr
1301,eng
1302,afr
1303,nso
1304,eng
1305,eng
1306,eng
1307,xho
1308,afr
1309,xho
1310,afr
1311,afr
1312,afr
1313,afr
1314,afr
1315,afr
1316,eng
1317,zul
1318,afr
1319,afr
1320,afr
1321,nbl
1322,afr
1323,ssw
1324,eng
1325,afr
1326,ssw
1327,nbl
1328,eng
1329,afr
1330,eng
1331,afr
1332,afr
1333,afr
1334,afr
1335,afr
1336,nbl
1337,eng
1338,eng
1339,ssw
1340,afr
1341,afr
1342,afr
1343,afr
1344,afr
1345,afr
1346,eng
1347,afr
1348,eng
1349,afr
1350,eng
1351,eng
1352,afr
1353,afr
1354,afr
1355,afr
1356,eng
1357,eng
1358,afr
1359,afr
1360,afr
1361,eng
1362,eng
1363,afr
1364,ssw
1365,afr
1366,afr
1367,afr
1368,eng
1369,eng
1370,eng
1371,nbl
1372,afr
1373,afr
1374,eng
1375,sot
1376,eng
1377,eng
1378,afr
1379,afr
1380,afr
1381,afr
1382,afr
1383,afr
1384,afr
1385,xho
1386,afr
1387,afr
1388,eng
1389,afr
1390,xho
1391,eng
1392,nso
1393,eng
1394,eng
1395,afr
1396,eng
1397,eng
1398,eng
1399,eng
1400,eng
1401,afr
1402,eng
1403,zul
1404,ssw
1405,afr
1406,afr
1407,eng
1408,eng
1409,afr
1410,xho
1411,afr
1412,afr
1413,eng
1414,eng
1415,ssw
1416,eng
1417,eng
1418,afr
1419,afr
1420,eng
1421,zul
1422,afr
1423,zul
1424,afr
1425,afr
1426,afr
1427,afr
1428,afr
1429,afr
1430,afr
1431,xho
1432,eng
1433,eng
1434,afr
1435,afr
1436,afr
1437,afr
1438,ssw
1439,afr
1440,afr
1441,afr
1442,afr
1443,afr
1444,afr
1445,sot
1446,zul
1447,ssw
1448,eng
1449,afr
1450,ven
1451,afr
1452,afr
1453,eng
1454,afr
1455,eng
1456,eng
1457,sot
1458,eng
1459,nbl
1460,afr
1461,afr
1462,zul
1463,afr
1464,afr
1465,ssw
1466,afr
1467,ssw
1468,eng
1469,xho
1470,eng
1471,afr
1472,nso
1473,afr
1474,afr
1475,eng
1476,afr
1477,afr
1478,afr
1479,afr
1480,afr
1481,nbl
1482,xho
1483,tso
1484,eng
1485,eng
1486,afr
1487,eng
1488,afr
1489,xho
1490,ven
1491,sot
1492,eng
1493,afr
1494,afr
1495,afr
1496,eng
1497,afr
1498,xho
1499,nbl
1500,afr
1501,xho
1502,eng
1503,eng
1504,eng
1505,afr
1506,afr
1507,eng
1508,afr
1509,afr
1510,afr
1511,eng
1512,afr
1513,afr
1514,afr
1515,xho
1516,afr
1517,eng
1518,eng
1519,afr
1520,eng
1521,afr
1522,afr
1523,ssw
1524,nbl
1525,afr
1526,afr
1527,afr
1528,afr
1529,xho
1530,xho
1531,afr
1532,afr
1533,sot
1534,afr
1535,afr
1536,afr
1537,eng
1538,xho
1539,eng
1540,eng
1541,afr
1542,afr
1543,eng
1544,afr
1545,afr
1546,afr
1547,ven
1548,xho
1549,eng
1550,afr
1551,afr
1552,nbl
1553,afr
1554,afr
1555,afr
1556,afr
1557,afr
1558,eng
1559,afr
1560,eng
1561,afr
1562,eng
1563,afr
1564,eng
1565,afr
1566,eng
1567,eng
1568,eng
1569,eng
1570,afr
1571,eng
1572,afr
1573,afr
1574,eng
1575,afr
1576,tsn
1577,afr
1578,xho
1579,afr
1580,afr
1581,nbl
1582,afr
1583,zul
1584,eng
1585,zul
1586,eng
1587,afr
1588,afr
1589,eng
1590,afr
1591,xho
1592,afr
1593,afr
1594,eng
1595,afr
1596,eng
1597,eng
1598,afr
1599,afr
1600,afr
1601,afr
1602,afr
1603,afr
1604,afr
1605,nbl
1606,afr
1607,eng
1608,afr
1609,afr
1610,eng
1611,afr
1612,afr
1613,eng
1614,afr
1615,eng
1616,afr
1617,eng
1618,afr
1619,afr
1620,eng
1621,eng
1622,xho
1623,nbl
1624,eng
1625,afr
1626,afr
1627,afr
1628,afr
1629,xho
1630,afr
1631,xho
1632,afr
1633,afr
1634,afr
1635,eng
1636,afr
1637,afr
1638,afr
1639,eng
1640,ven
1641,afr
1642,afr
1643,xho
1644,zul
1645,afr
1646,eng
1647,afr
1648,afr
1649,afr
1650,afr
1651,afr
1652,afr
1653,afr
1654,eng
1655,eng
1656,eng
1657,afr
1658,xho
1659,ven
1660,eng
1661,afr
1662,xho
1663,afr
1664,afr
1665,afr
1666,eng
1667,zul
1668,eng
1669,afr
1670,eng
1671,nbl
1672,afr
1673,afr
1674,eng
1675,ssw
1676,eng
1677,xho
1678,afr
1679,eng
1680,eng
1681,eng
1682,afr
1683,ssw
1684,afr
1685,eng
1686,eng
1687,afr
1688,afr
1689,ssw
1690,afr
1691,nbl
1692,afr
1693,afr
1694,afr
1695,afr
1696,xho
1697,afr
1698,afr
1699,eng
1700,eng
1701,eng
1702,afr
1703,eng
1704,ssw
1705,afr
1706,eng
1707,afr
1708,afr
1709,eng
1710,xho
1711,eng
1712,nbl
1713,afr
1714,eng
1715,afr
1716,nbl
1717,afr
1718,eng
1719,afr
1720,afr
1721,afr
1722,afr
1723,afr
1724,afr
1725,afr
1726,eng
1727,eng
1728,afr
1729,afr
1730,eng
1731,afr
1732,zul
1733,xho
1734,nso
1735,afr
1736,afr
1737,afr
1738,afr
1739,afr
1740,eng
1741,eng
1742,afr
1743,afr
1744,afr
1745,afr
1746,afr
1747,eng
1748,afr
1749,eng
1750,afr
1751,eng
1752,afr
1753,eng
1754,xho
1755,afr
1756,afr
1757,eng
1758,eng
1759,xho
1760,afr
1761,zul
1762,afr
1763,afr
1764,eng
1765,afr
1766,ssw
1767,ssw
1768,eng
1769,nso
1770,afr
1771,ssw
1772,eng
1773,eng
1774,afr
1775,afr
1776,afr
1777,afr
1778,eng
1779,afr
1780,afr
1781,eng
1782,afr
1783,afr
1784,afr
1785,eng
1786,nbl
1787,afr
1788,afr
1789,afr
1790,afr
1791,ssw
1792,eng
1793,eng
1794,afr
1795,afr
1796,afr
1797,afr
1798,afr
1799,afr
1800,nbl
1801,afr
1802,eng
1803,afr
1804,afr
1805,eng
1806,afr
1807,afr
1808,afr
1809,afr
1810,afr
1811,eng
1812,afr
1813,afr
1814,eng
1815,afr
1816,eng
1817,afr
1818,afr
1819,eng
1820,afr
1821,xho
1822,afr
1823,xho
1824,eng
1825,zul
1826,nbl
1827,afr
1828,afr
1829,eng
1830,zul
1831,eng
1832,afr
1833,afr
1834,afr
1835,afr
1836,afr
1837,afr
1838,xho
1839,ven
1840,afr
1841,afr
1842,afr
1843,afr
1844,nbl
1845,afr
1846,eng
1847,eng
1848,eng
1849,afr
1850,afr
1851,afr
1852,eng
1853,ssw
1854,afr
1855,eng
1856,xho
1857,xho
1858,afr
1859,eng
1860,afr
1861,eng
1862,afr
1863,afr
1864,afr
1865,nbl
1866,afr
1867,afr
1868,afr
1869,eng
1870,sot
1871,eng
1872,afr
1873,afr
1874,afr
1875,afr
1876,eng
1877,afr
1878,xho
1879,afr
1880,afr
1881,afr
1882,afr
1883,eng
1884,afr
1885,afr
1886,tso
1887,afr
1888,afr
1889,afr
1890,afr
1891,afr
1892,nbl
1893,afr
1894,afr
1895,ssw
1896,afr
1897,afr
1898,eng
1899,afr
1900,afr
1901,eng
1902,eng
1903,eng
1904,eng
1905,afr
1906,eng
1907,afr
1908,afr
1909,zul
1910,eng
1911,afr
1912,afr
1913,xho
1914,ven
1915,nbl
1916,afr
1917,afr
1918,eng
1919,afr
1920,afr
1921,ven
1922,afr
1923,eng
1924,afr
1925,afr
1926,eng
1927,afr
1928,ssw
1929,afr
1930,eng
1931,afr
1932,afr
1933,afr
1934,afr
1935,eng
1936,afr
1937,afr
1938,eng
1939,xho
1940,ven
1941,afr
1942,eng
1943,afr
1944,afr
1945,afr
1946,afr
1947,eng
1948,afr
1949,eng
1950,ssw
1951,nso
1952,afr
1953,eng
1954,afr
1955,afr
1956,afr
1957,eng
1958,afr
1959,eng
1960,afr
1961,afr
1962,xho
1963,afr
1964,afr
1965,eng
1966,afr
1967,afr
1968,afr
1969,afr
1970,nbl
1971,afr
1972,afr
1973,afr
1974,afr
1975,afr
1976,afr
1977,eng
1978,xho
1979,afr
1980,eng
1981,eng
1982,afr
1983,afr
1984,afr
1985,eng
1986,eng
1987,afr
1988,afr
1989,afr
1990,afr
1991,afr
1992,eng
1993,eng
1994,afr
1995,afr
1996,afr
1997,afr
1998,xho
1999,afr
2000,afr
2001,afr
2002,afr
2003,eng
2004,afr
2005,eng
2006,nso
2007,eng
2008,eng
2009,eng
2010,afr
2011,eng
2012,afr
2013,eng
2014,ssw
2015,afr
2016,afr
2017,afr
2018,nbl
2019,eng
2020,eng
2021,afr
2022,afr
2023,afr
2024,afr
2025,xho
2026,afr
2027,eng
2028,eng
2029,afr
2030,eng
2031,afr
2032,afr
2033,afr
2034,eng
2035,eng
2036,eng
2037,afr
2038,afr
2039,afr
2040,afr
2041,xho
2042,eng
2043,eng
2044,afr
2045,eng
2046,afr
2047,eng
2048,afr
2049,nbl
2050,ssw
2051,afr
2052,nbl
2053,eng
2054,afr
2055,eng
2056,xho
2057,nbl
2058,eng
2059,afr
2060,zul
2061,eng
2062,afr
2063,eng
2064,afr
2065,xho
2066,xho
2067,afr
2068,xho
2069,eng
2070,afr
2071,xho
2072,eng
2073,afr
2074,afr
2075,afr
2076,xho
2077,xho
2078,afr
2079,afr
2080,nso
2081,ssw
2082,afr
2083,ssw
2084,nbl
2085,afr
2086,afr
2087,afr
2088,afr
2089,afr
2090,afr
2091,afr
2092,afr
2093,afr
2094,afr
2095,eng
2096,eng
2097,eng
2098,afr
2099,afr
2100,afr
2101,afr
2102,afr
2103,xho
2104,eng
2105,nbl
2106,afr
2107,eng
2108,afr
2109,afr
2110,eng
2111,eng
2112,nbl
2113,ven
2114,zul
2115,afr
2116,afr
2117,eng
2118,afr
2119,afr
2120,afr
2121,eng
2122,eng
2123,afr
2124,eng
2125,eng
2126,ssw
2127,ssw
2128,afr
2129,afr
2130,eng
2131,eng
2132,afr
2133,eng
2134,eng
2135,afr
2136,afr
2137,nbl
2138,nbl
2139,afr
2140,afr
2141,eng
2142,afr
2143,eng
2144,eng
2145,afr
2146,xho
2147,afr
2148,eng
2149,afr
2150,zul
2151,afr
2152,afr
2153,afr
2154,eng
2155,afr
2156,afr
2157,afr
2158,afr
2159,eng
2160,afr
2161,ven
2162,afr
2163,afr
2164,afr
2165,eng
2166,afr
2167,afr
2168,eng
2169,eng
2170,afr
2171,afr
2172,eng
2173,afr
2174,eng
2175,afr
2176,nbl
2177,afr
2178,afr
2179,afr
2180,afr
2181,afr
2182,eng
2183,afr
2184,afr
2185,afr
2186,eng
2187,afr
2188,sot
2189,afr
2190,afr
2191,afr
2192,xho
2193,afr
2194,eng
2195,afr
2196,afr
2197,eng
2198,eng
2199,xho
2200,afr
2201,eng
2202,nso
2203,afr
2204,afr
2205,eng
2206,afr
2207,afr
2208,afr
2209,afr
2210,afr
2211,ssw
2212,eng
2213,afr
2214,afr
2215,afr
2216,afr
2217,afr
2218,tso
2219,eng
2220,afr
2221,eng
2222,afr
2223,afr
2224,afr
2225,afr
2226,afr
2227,afr
2228,afr
2229,eng
2230,xho
2231,afr
2232,afr
2233,xho
2234,xho
2235,afr
2236,xho
2237,afr
2238,afr
2239,eng
2240,eng
2241,xho
2242,afr
2243,ven
2244,afr
2245,eng
2246,afr
2247,afr
2248,afr
2249,eng
2250,eng
2251,eng
2252,sot
2253,afr
2254,nbl
2255,eng
2256,eng
2257,eng
2258,eng
2259,afr
2260,afr
2261,afr
2262,afr
2263,eng
2264,zul
2265,nbl
2266,eng
2267,eng
2268,nbl
2269,afr
2270,afr
2271,afr
2272,afr
2273,afr
2274,afr
2275,afr
2276,afr
2277,afr
2278,xho
2279,eng
2280,eng
2281,afr
2282,eng
2283,nbl
2284,afr
2285,xho
2286,afr
2287,afr
2288,xho
2289,afr
2290,afr
2291,afr
2292,xho
2293,afr
2294,eng
2295,afr
2296,eng
2297,nbl
2298,afr
2299,afr
2300,eng
2301,eng
2302,ssw
2303,afr
2304,eng
2305,ssw
2306,nbl
2307,xho
2308,afr
2309,afr
2310,afr
2311,afr
2312,eng
2313,eng
2314,afr
2315,eng
2316,xho
2317,eng
2318,afr
2319,afr
2320,xho
2321,eng
2322,eng
2323,afr
2324,eng
2325,afr
2326,ven
2327,afr
2328,eng
2329,afr
2330,afr
2331,ssw
2332,afr
2333,eng
2334,afr
2335,xho
2336,afr
2337,afr
2338,eng
2339,afr
2340,afr
2341,afr
2342,afr
2343,eng
2344,afr
2345,afr
2346,eng
2347,afr
2348,afr
2349,eng
2350,afr
2351,eng
2352,afr
2353,zul
2354,afr
2355,afr
2356,afr
2357,afr
2358,afr
2359,afr
2360,eng
2361,afr
2362,afr
2363,afr
2364,afr
2365,afr
2366,afr
2367,afr
2368,afr
2369,ssw
2370,afr
2371,eng
2372,ssw
2373,eng
2374,afr
2375,afr
2376,afr
2377,ven
2378,eng
2379,nbl
2380,eng
2381,afr
2382,afr
2383,sot
2384,xho
2385,eng
2386,afr
2387,afr
2388,nso
2389,eng
2390,ven
2391,eng
2392,afr
2393,eng
2394,afr
2395,nbl
2396,afr
2397,eng
2398,ssw
2399,afr
2400,afr
2401,eng
2402,afr
2403,afr
2404,ssw
2405,ssw
2406,eng
2407,tso
2408,ssw
2409,afr
2410,eng
2411,zul
2412,xho
2413,afr
2414,afr
2415,eng
2416,afr
2417,eng
2418,afr
2419,eng
2420,eng
2421,afr
2422,afr
2423,eng
2424,afr
2425,xho
2426,afr
2427,ssw
2428,afr
2429,afr
2430,afr
2431,eng
2432,afr
2433,afr
2434,afr
2435,afr
2436,eng
2437,afr
2438,afr
2439,afr
2440,eng
2441,afr
2442,afr
2443,afr
2444,eng
2445,afr
2446,zul
2447,afr
2448,afr
2449,afr
2450,ven
2451,afr
2452,xho
2453,eng
2454,tso
2455,afr
2456,afr
2457,afr
2458,eng
2459,eng
2460,nbl
2461,ssw
2462,eng
2463,afr
2464,afr
2465,afr
2466,eng
2467,afr
2468,nbl
2469,afr
2470,afr
2471,ssw
2472,afr
2473,afr
2474,eng
2475,eng
2476,afr
2477,afr
2478,zul
2479,afr
2480,eng
2481,xho
2482,afr
2483,eng
2484,eng
2485,afr
2486,afr
2487,afr
2488,eng
2489,afr
2490,eng
2491,afr
2492,ven
2493,eng
2494,afr
2495,afr
2496,eng
2497,eng
2498,xho
2499,afr
2500,eng
2501,sot
2502,nbl
2503,xho
2504,afr
2505,eng
2506,afr
2507,afr
2508,ssw
2509,afr
2510,xho
2511,xho
2512,afr
2513,eng
2514,afr
2515,afr
2516,afr
2517,afr
2518,afr
2519,afr
2520,eng
2521,afr
2522,xho
2523,afr
2524,afr
2525,eng
2526,afr
2527,afr
2528,afr
2529,eng
2530,eng
2531,xho
2532,xho
2533,eng
2534,afr
2535,afr
2536,eng
2537,afr
2538,nbl
2539,eng
2540,eng
2541,ssw
2542,afr
2543,eng
2544,nbl
2545,eng
2546,eng
2547,afr
2548,afr
2549,ssw
2550,afr
2551,afr
2552,eng
2553,afr
2554,eng
2555,eng
2556,afr
2557,afr
2558,eng
2559,afr
2560,afr
2561,afr
2562,afr
2563,eng
2564,xho
2565,afr
2566,afr
2567,nbl
2568,afr
2569,eng
2570,afr
2571,ven
2572,eng
2573,afr
2574,eng
2575,eng
2576,afr
2577,eng
2578,xho
2579,eng
2580,afr
2581,afr
2582,eng
2583,xho
2584,afr
2585,afr
2586,eng
2587,afr
2588,afr
2589,eng
2590,sot
2591,afr
2592,afr
2593,ssw
2594,afr
2595,eng
2596,eng
2597,ven
2598,afr
2599,afr
2600,afr
2601,afr
2602,xho
2603,eng
2604,xho
2605,ssw
2606,xho
2607,afr
2608,afr
2609,eng
2610,afr
2611,afr
2612,xho
2613,xho
2614,eng
2615,eng
2616,eng
2617,afr
2618,nbl
2619,afr
2620,eng
2621,afr
2622,zul
2623,eng
2624,eng
2625,afr
2626,eng
2627,eng
2628,nbl
2629,ssw
2630,afr
2631,eng
2632,afr
2633,afr
2634,afr
2635,ssw
2636,afr
2637,eng
2638,afr
2639,afr
2640,xho
2641,ven
2642,tso
2643,eng
2644,ssw
2645,afr
2646,eng
2647,afr
2648,afr
2649,afr
2650,afr
2651,tso
2652,nbl
2653,xho
2654,afr
2655,afr
2656,eng
2657,afr
2658,afr
2659,nbl
2660,afr
2661,eng
2662,afr
2663,afr
2664,afr
2665,afr
2666,eng
2667,afr
2668,eng
2669,afr
2670,eng
2671,afr
2672,eng
2673,afr
2674,eng
2675,afr
2676,eng
2677,eng
2678,afr
2679,afr
2680,xho
2681,nbl
2682,afr
2683,eng
2684,eng
2685,eng
2686,afr
2687,afr
2688,eng
2689,afr
2690,afr
2691,afr
2692,eng
2693,afr
2694,eng
2695,afr
2696,nbl
2697,afr
2698,afr
2699,afr
2700,afr
2701,afr
2702,xho
2703,afr
2704,afr
2705,eng
2706,afr
2707,afr
2708,eng
2709,afr
2710,zul
2711,afr
2712,afr
2713,afr
2714,afr
2715,afr
2716,afr
2717,eng
2718,eng
2719,afr
2720,ssw
2721,afr
2722,eng
2723,afr
2724,afr
2725,xho
2726,ssw
2727,nbl
2728,afr
2729,afr
2730,eng
2731,eng
2732,eng
2733,afr
2734,afr
2735,xho
2736,afr
2737,eng
2738,eng
2739,eng
2740,eng
2741,afr
2742,xho
2743,eng
2744,afr
2745,eng
2746,eng
2747,ssw
2748,eng
2749,afr
2750,eng
2751,zul
2752,afr
2753,eng
2754,afr
2755,afr
2756,eng
2757,afr
2758,eng
2759,tso
2760,afr
2761,zul
2762,afr
2763,afr
2764,tso
2765,eng
2766,afr
2767,eng
2768,afr
2769,afr
2770,afr
2771,xho
2772,afr
2773,zul
2774,afr
2775,nbl
2776,eng
2777,afr
2778,zul
2779,xho
2780,afr
2781,afr
2782,ssw
2783,afr
2784,afr
2785,ssw
2786,afr
2787,xho
2788,afr
2789,afr
2790,afr
2791,afr
2792,xho
2793,afr
2794,afr
2795,eng
2796,afr
2797,eng
2798,afr
2799,afr
2800,eng
2801,eng
2802,afr
2803,xho
2804,afr
2805,eng
2806,afr
2807,eng
2808,afr
2809,xho
2810,eng
2811,afr
2812,xho
2813,afr
2814,xho
2815,eng
2816,eng
2817,nbl
2818,eng
2819,afr
2820,ven
2821,xho
2822,eng
2823,xho
2824,eng
2825,eng
2826,afr
2827,afr
2828,nbl
2829,afr
2830,afr
2831,afr
2832,eng
2833,eng
2834,afr
2835,afr
2836,ssw
2837,nbl
2838,afr
2839,eng
2840,eng
2841,eng
2842,eng
2843,afr
2844,afr
2845,afr
2846,ssw
2847,afr
2848,ssw
2849,afr
2850,eng
2851,afr
2852,afr
2853,afr
2854,afr
2855,xho
2856,eng
2857,eng
2858,nso
2859,afr
2860,afr
2861,afr
2862,afr
2863,eng
2864,eng
2865,afr
2866,ven
2867,afr
2868,afr
2869,zul
2870,zul
2871,xho
2872,afr
2873,afr
2874,afr
2875,afr
2876,afr
2877,tso
2878,afr
2879,afr
2880,eng
2881,afr
2882,afr
2883,eng
2884,eng
2885,afr
2886,afr
2887,eng
2888,afr
2889,afr
2890,afr
2891,afr
2892,afr
2893,afr
2894,eng
2895,afr
2896,eng
2897,afr
2898,nso
2899,zul
2900,afr
2901,afr
2902,eng
2903,eng
2904,afr
2905,afr
2906,afr
2907,eng
2908,eng
2909,xho
2910,afr
2911,afr
2912,afr
2913,ssw
2914,xho
2915,eng
2916,afr
2917,afr
2918,eng
2919,ssw
2920,eng
2921,afr
2922,afr
2923,afr
2924,afr
2925,afr
2926,xho
2927,afr
2928,afr
2929,eng
2930,afr
2931,afr
2932,xho
2933,afr
2934,afr
2935,afr
2936,eng
2937,afr
2938,afr
2939,afr
2940,ssw
2941,afr
2942,afr
2943,nbl
2944,afr
2945,afr
2946,eng
2947,xho
2948,afr
2949,afr
2950,eng
2951,xho
2952,afr
2953,ven
2954,afr
2955,xho
2956,afr
2957,afr
2958,afr
2959,afr
2960,afr
2961,xho
2962,ssw
2963,eng
2964,nbl
2965,afr
2966,eng
2967,afr
2968,afr
2969,ven
2970,eng
2971,ssw
2972,ven
2973,afr
2974,eng
2975,afr
2976,afr
2977,afr
2978,eng
2979,afr
2980,afr
2981,eng
2982,eng
2983,eng
2984,afr
2985,eng
2986,afr
2987,ssw
2988,eng
2989,afr
2990,afr
2991,eng
2992,afr
2993,zul
2994,afr
2995,ssw
2996,afr
2997,nso
2998,eng
2999,zul
3000,afr
3001,afr
3002,eng
3003,afr
3004,ssw
3005,ven
3006,xho
3007,ven
3008,afr
3009,afr
3010,afr
3011,afr
3012,eng
3013,afr
3014,zul
3015,ssw
3016,eng
3017,afr
3018,eng
3019,afr
3020,eng
3021,nbl
3022,eng
3023,afr
3024,afr
3025,afr
3026,ssw
3027,afr
3028,afr
3029,afr
3030,eng
3031,eng
3032,afr
3033,eng
3034,nbl
3035,eng
3036,afr
3037,afr
3038,eng
3039,afr
3040,nbl
3041,afr
3042,eng
3043,zul
3044,eng
3045,afr
3046,afr
3047,eng
3048,afr
3049,tso
3050,eng
3051,afr
3052,zul
3053,afr
3054,afr
3055,afr
3056,afr
3057,eng
3058,afr
3059,nso
3060,xho
3061,eng
3062,afr
3063,afr
3064,afr
3065,afr
3066,eng
3067,afr
3068,afr
3069,eng
3070,afr
3071,eng
3072,xho
3073,ssw
3074,afr
3075,afr
3076,afr
3077,afr
3078,afr
3079,eng
3080,xho
3081,afr
3082,nbl
3083,xho
3084,afr
3085,afr
3086,afr
3087,afr
3088,eng
3089,eng
3090,ssw
3091,eng
3092,eng
3093,eng
3094,afr
3095,eng
3096,afr
3097,xho
3098,afr
3099,afr
3100,afr
3101,afr
3102,eng
3103,xho
3104,afr
3105,eng
3106,eng
3107,afr
3108,afr
3109,afr
3110,afr
3111,zul
3112,afr
3113,eng
3114,nbl
3115,afr
3116,afr
3117,xho
3118,eng
3119,eng
3120,afr
3121,afr
3122,ssw
3123,eng
3124,afr
3125,afr
3126,zul
3127,eng
3128,afr
3129,eng
3130,eng
3131,xho
3132,eng
3133,afr
3134,nbl
3135,afr
3136,afr
3137,eng
3138,afr
3139,afr
3140,ssw
3141,afr
3142,afr
3143,xho
3144,eng
3145,afr
3146,eng
3147,eng
3148,ssw
3149,afr
3150,afr
3151,afr
3152,afr
3153,afr
3154,afr
3155,eng
3156,afr
3157,nbl
3158,eng
3159,afr
3160,eng
3161,nbl
3162,eng
3163,eng
3164,afr
3165,eng
3166,afr
3167,afr
3168,xho
3169,afr
3170,eng
3171,xho
3172,ven
3173,afr
3174,eng
3175,eng
3176,ssw
3177,afr
3178,afr
3179,afr
3180,eng
3181,ven
3182,eng
3183,afr
3184,afr
3185,eng
3186,afr
3187,nbl
3188,ssw
3189,ssw
3190,afr
3191,afr
3192,afr
3193,eng
3194,afr
3195,afr
3196,afr
3197,eng
3198,afr
3199,eng
3200,afr
3201,afr
3202,eng
3203,nbl
3204,xho
3205,eng
3206,nbl
3207,xho
3208,afr
3209,afr
3210,afr
3211,afr
3212,eng
3213,ssw
3214,nbl
3215,afr
3216,afr
3217,eng
3218,eng
3219,afr
3220,afr
3221,afr
3222,eng
3223,afr
3224,afr
3225,afr
3226,afr
3227,afr
3228,afr
3229,afr
3230,afr
3231,xho
3232,xho
3233,afr
3234,afr
3235,eng
3236,afr
3237,afr
3238,afr
3239,afr
3240,eng
3241,afr
3242,afr
3243,eng
3244,afr
3245,afr
3246,afr
3247,eng
3248,afr
3249,afr
3250,eng
3251,eng
3252,afr
3253,eng
3254,eng
3255,afr
3256,afr
3257,eng
3258,xho
3259,afr
3260,afr
3261,afr
3262,eng
3263,afr
3264,eng
3265,eng
3266,eng
3267,eng
3268,afr
3269,afr
3270,eng
3271,afr
3272,afr
3273,afr
3274,nbl
3275,afr
3276,afr
3277,xho
3278,afr
3279,eng
3280,eng
3281,afr
3282,eng
3283,afr
3284,eng
3285,afr
3286,afr
3287,eng
3288,afr
3289,afr
3290,afr
3291,afr
3292,afr
3293,afr
3294,eng
3295,xho
3296,eng
3297,eng
3298,afr
3299,eng
3300,afr
3301,ssw
3302,afr
3303,afr
3304,xho
3305,afr
3306,nbl
3307,afr
3308,eng
3309,afr
3310,afr
3311,eng
3312,afr
3313,eng
3314,eng
3315,afr
3316,eng
3317,afr
3318,afr
3319,ssw
3320,afr
3321,eng
3322,nbl
3323,afr
3324,afr
3325,ssw
3326,eng
3327,eng
3328,eng
3329,eng
3330,ssw
3331,xho
3332,afr
3333,afr
3334,eng
3335,afr
3336,eng
3337,eng
3338,afr
3339,afr
3340,afr
3341,afr
3342,eng
3343,afr
3344,eng
3345,eng
3346,afr
3347,eng
3348,eng
3349,afr
3350,afr
3351,afr
3352,afr
3353,afr
3354,eng
3355,eng
3356,eng
3357,xho
3358,eng
3359,afr
3360,afr
3361,nso
3362,afr
3363,afr
3364,eng
3365,eng
3366,zul
3367,afr
3368,afr
3369,eng
3370,eng
3371,afr
3372,zul
3373,afr
3374,afr
3375,afr
3376,afr
3377,afr
3378,nbl
3379,ssw
3380,eng
3381,eng
3382,eng
3383,afr
3384,eng
3385,eng
3386,afr
3387,eng
3388,xho
3389,afr
3390,afr
3391,eng
3392,afr
3393,eng
3394,afr
3395,afr
3396,eng
3397,eng
3398,afr
3399,afr
3400,afr
3401,eng
3402,afr
3403,eng
3404,afr
3405,afr
3406,eng
3407,afr
3408,eng
3409,afr
3410,afr
3411,afr
3412,nbl
3413,xho
3414,zul
3415,xho
3416,afr
3417,afr
3418,afr
3419,afr
3420,afr
3421,afr
3422,afr
3423,afr
3424,afr
3425,eng
3426,afr
3427,afr
3428,afr
3429,eng
3430,ssw
3431,eng
3432,afr
3433,afr
3434,eng
3435,eng
3436,eng
3437,afr
3438,xho
3439,afr
3440,afr
3441,afr
3442,afr
3443,afr
3444,eng
3445,afr
3446,afr
3447,nso
3448,afr
3449,afr
3450,eng
3451,eng
3452,eng
3453,xho
3454,afr
3455,afr
3456,afr
3457,afr
3458,afr
3459,afr
3460,eng
3461,afr
3462,afr
3463,xho
3464,eng
3465,afr
3466,afr
3467,xho
3468,afr
3469,eng
3470,eng
3471,afr
3472,afr
3473,ssw
3474,eng
3475,afr
3476,xho
3477,xho
3478,afr
3479,ssw
3480,afr
3481,afr
3482,afr
3483,afr
3484,afr
3485,afr
3486,afr
3487,afr
3488,eng
3489,nbl
3490,afr
3491,afr
3492,eng
3493,ven
3494,afr
3495,afr
3496,eng
3497,afr
3498,eng
3499,afr
3500,ssw
3501,eng
3502,afr
3503,afr
3504,eng
3505,afr
3506,afr
3507,afr
3508,afr
3509,afr
3510,eng
3511,eng
3512,afr
3513,afr
3514,eng
3515,afr
3516,afr
3517,afr
3518,eng
3519,afr
3520,eng
3521,xho
3522,afr
3523,afr
3524,eng
3525,afr
3526,eng
3527,eng
3528,afr
3529,afr
3530,nbl
3531,afr
3532,afr
3533,afr
3534,afr
3535,afr
3536,eng
3537,afr
3538,afr
3539,xho
3540,afr
3541,afr
3542,afr
3543,afr
3544,afr
3545,eng
3546,eng
3547,afr
3548,eng
3549,afr
3550,nbl
3551,nbl
3552,afr
3553,afr
3554,afr
3555,eng
3556,afr
3557,afr
3558,eng
3559,xho
3560,eng
3561,eng
3562,ssw
3563,afr
3564,afr
3565,afr
3566,eng
3567,xho
3568,afr
3569,eng
3570,eng
3571,afr
3572,eng
3573,ssw
3574,afr
3575,afr
3576,afr
3577,afr
3578,xho
3579,afr
3580,afr
3581,nbl
3582,afr
3583,ssw
3584,eng
3585,afr
3586,tso
3587,eng
3588,afr
3589,ssw
3590,afr
3591,afr
3592,eng
3593,afr
3594,afr
3595,eng
3596,eng
3597,eng
3598,afr
3599,xho
3600,afr
3601,eng
3602,eng
3603,afr
3604,afr
3605,afr
3606,ssw
3607,eng
3608,afr
3609,afr
3610,afr
3611,eng
3612,ssw
3613,afr
3614,ven
3615,nso
3616,eng
3617,nbl
3618,afr
3619,tso
3620,eng
3621,nbl
3622,afr
3623,afr
3624,afr
3625,afr
3626,afr
3627,afr
3628,ven
3629,eng
3630,afr
3631,ven
3632,afr
3633,xho
3634,xho
3635,eng
3636,tso
3637,eng
3638,afr
3639,eng
3640,eng
3641,eng
3642,afr
3643,eng
3644,ssw
3645,xho
3646,afr
3647,afr
3648,afr
3649,afr
3650,xho
3651,afr
3652,afr
3653,afr
3654,afr
3655,afr
3656,afr
3657,eng
3658,afr
3659,afr
3660,eng
3661,eng
3662,afr
3663,afr
3664,afr
3665,afr
3666,eng
3667,eng
3668,afr
3669,eng
3670,eng
3671,afr
3672,afr
3673,eng
3674,afr
3675,eng
3676,eng
3677,afr
3678,eng
3679,eng
3680,afr
3681,afr
3682,afr
3683,afr
3684,afr
3685,xho
3686,afr
3687,eng
3688,afr
3689,eng
3690,afr
3691,eng
3692,afr
3693,eng
3694,afr
3695,afr
3696,afr
3697,afr
3698,afr
3699,afr
3700,eng
3701,afr
3702,afr
3703,afr
3704,eng
3705,eng
3706,eng
3707,afr
3708,eng
3709,xho
3710,afr
3711,eng
3712,afr
3713,xho
3714,xho
3715,afr
3716,eng
3717,xho
3718,afr
3719,afr
3720,nso
3721,afr
3722,eng
3723,afr
3724,eng
3725,eng
3726,ven
3727,eng
3728,xho
3729,afr
3730,afr
3731,afr
3732,afr
3733,afr
3734,nso
3735,afr
3736,eng
3737,nbl
3738,tso
3739,eng
3740,afr
3741,afr
3742,afr
3743,tso
3744,eng
3745,afr
3746,afr
3747,afr
3748,afr
3749,eng
3750,eng
3751,eng
3752,ven
3753,afr
3754,afr
3755,afr
3756,afr
3757,afr
3758,eng
3759,ssw
3760,afr
3761,afr
3762,afr
3763,eng
3764,afr
3765,afr
3766,afr
3767,afr
3768,eng
3769,ssw
3770,afr
3771,afr
3772,afr
3773,nbl
3774,afr
3775,nbl
3776,ven
3777,eng
3778,afr
3779,eng
3780,afr
3781,afr
3782,afr
3783,eng
3784,afr
3785,afr
3786,afr
3787,afr
3788,afr
3789,eng
3790,afr
3791,ssw
3792,afr
3793,afr
3794,eng
3795,ssw
3796,afr
3797,afr
3798,afr
3799,eng
3800,afr
3801,eng
3802,nbl
3803,eng
3804,xho
3805,afr
3806,afr
3807,afr
3808,eng
3809,sot
3810,eng
3811,afr
3812,afr
3813,sot
3814,eng
3815,afr
3816,afr
3817,eng
3818,eng
3819,afr
3820,afr
3821,eng
3822,afr
3823,ssw
3824,eng
3825,eng
3826,afr
3827,afr
3828,ssw
3829,afr
3830,afr
3831,afr
3832,nbl
3833,afr
3834,afr
3835,eng
3836,afr
3837,afr
3838,afr
3839,xho
3840,afr
3841,afr
3842,afr
3843,zul
3844,afr
3845,eng
3846,afr
3847,afr
3848,afr
3849,afr
3850,eng
3851,eng
3852,afr
3853,afr
3854,eng
3855,afr
3856,eng
3857,afr
3858,xho
3859,afr
3860,eng
3861,afr
3862,ven
3863,afr
3864,eng
3865,afr
3866,ven
3867,nbl
3868,afr
3869,afr
3870,eng
3871,afr
3872,afr
3873,eng
3874,afr
3875,ssw
3876,xho
3877,afr
3878,afr
3879,afr
3880,afr
3881,afr
3882,afr
3883,afr
3884,afr
3885,afr
3886,afr
3887,afr
3888,afr
3889,afr
3890,xho
3891,eng
3892,eng
3893,ssw
3894,afr
3895,afr
3896,afr
3897,afr
3898,afr
3899,nbl
3900,eng
3901,xho
3902,afr
3903,xho
3904,eng
3905,afr
3906,eng
3907,eng
3908,afr
3909,tso
3910,xho
3911,afr
3912,afr
3913,afr
3914,eng
3915,ssw
3916,eng
3917,eng
3918,eng
3919,afr
3920,afr
3921,afr
3922,afr
3923,afr
3924,afr
3925,afr
3926,eng
3927,eng
3928,afr
3929,ven
3930,afr
3931,xho
3932,afr
3933,eng
3934,afr
3935,eng
3936,afr
3937,nso
3938,eng
3939,nbl
3940,eng
3941,afr
3942,afr
3943,afr
3944,eng
3945,ven
3946,afr
3947,afr
3948,afr
3949,afr
3950,afr
3951,afr
3952,eng
3953,afr
3954,nbl
3955,afr
3956,afr
3957,eng
3958,ssw
3959,tso
3960,afr
3961,afr
3962,afr
3963,afr
3964,afr
3965,afr
3966,afr
3967,afr
3968,afr
3969,afr
3970,afr
3971,afr
3972,afr
3973,eng
3974,eng
3975,afr
3976,afr
3977,afr
3978,afr
3979,afr
3980,afr
3981,afr
3982,afr
3983,nbl
3984,eng
3985,eng
3986,afr
3987,afr
3988,nbl
3989,afr
3990,nbl
3991,afr
3992,afr
3993,nbl
3994,afr
3995,eng
3996,afr
3997,eng
3998,eng
3999,afr
4000,afr
4001,afr
4002,eng
4003,afr
4004,eng
4005,eng
4006,afr
4007,afr
4008,afr
4009,eng
4010,afr
4011,afr
4012,afr
4013,eng
4014,afr
4015,eng
4016,eng
4017,afr
4018,afr
4019,eng
4020,afr
4021,eng
4022,ssw
4023,afr
4024,eng
4025,eng
4026,eng
4027,afr
4028,eng
4029,eng
4030,eng
4031,eng
4032,afr
4033,ssw
4034,ssw
4035,afr
4036,tsn
4037,xho
4038,eng
4039,afr
4040,eng
4041,afr
4042,nso
4043,zul
4044,afr
4045,afr
4046,eng
4047,afr
4048,afr
4049,afr
4050,nso
4051,afr
4052,ven
4053,eng
4054,afr
4055,afr
4056,ssw
4057,afr
4058,afr
4059,ssw
4060,ssw
4061,eng
4062,afr
4063,eng
4064,afr
4065,afr
4066,afr
4067,afr
4068,ven
4069,afr
4070,afr
4071,afr
4072,afr
4073,afr
4074,afr
4075,eng
4076,afr
4077,afr
4078,afr
4079,nbl
4080,afr
4081,afr
4082,xho
4083,afr
4084,afr
4085,afr
4086,xho
4087,eng
4088,eng
4089,eng
4090,afr
4091,ssw
4092,afr
4093,afr
4094,eng
4095,eng
4096,ssw
4097,afr
4098,afr
4099,ssw
4100,afr
4101,eng
4102,afr
4103,afr
4104,afr
4105,eng
4106,afr
4107,sot
4108,xho
4109,eng
4110,afr
4111,afr
4112,xho
4113,eng
4114,eng
4115,afr
4116,eng
4117,afr
4118,eng
4119,afr
4120,afr
4121,xho
4122,afr
4123,afr
4124,nbl
4125,afr
4126,afr
4127,afr
4128,afr
4129,eng
4130,afr
4131,afr
4132,nbl
4133,afr
4134,afr
4135,eng
4136,xho
4137,eng
4138,nso
4139,afr
4140,afr
4141,afr
4142,afr
4143,eng
4144,afr
4145,eng
4146,afr
4147,eng
4148,xho
4149,eng
4150,nbl
4151,afr
4152,afr
4153,afr
4154,eng
4155,nbl
4156,xho
4157,ssw
4158,afr
4159,afr
4160,nbl
4161,afr
4162,afr
4163,eng
4164,afr
4165,afr
4166,afr
4167,afr
4168,afr
4169,afr
4170,afr
4171,afr
4172,xho
4173,afr
4174,afr
4175,eng
4176,afr
4177,eng
4178,eng
4179,afr
4180,afr
4181,afr
4182,eng
4183,afr
4184,eng
4185,eng
4186,afr
4187,eng
4188,eng
4189,xho
4190,afr
4191,afr
4192,afr
4193,eng
4194,xho
4195,afr
4196,eng
4197,xho
4198,xho
4199,afr
4200,afr
4201,eng
4202,afr
4203,eng
4204,afr
4205,afr
4206,eng
4207,eng
4208,xho
4209,afr
4210,afr
4211,afr
4212,afr
4213,afr
4214,afr
4215,afr
4216,eng
4217,eng
4218,eng
4219,afr
4220,afr
4221,afr
4222,eng
4223,eng
4224,afr
4225,zul
4226,afr
4227,eng
4228,eng
4229,afr
4230,afr
4231,afr
4232,xho
4233,afr
4234,afr
4235,eng
4236,zul
4237,afr
4238,afr
4239,afr
4240,xho
4241,afr
4242,eng
4243,afr
4244,eng
4245,eng
4246,afr
4247,eng
4248,xho
4249,zul
4250,afr
4251,ssw
4252,eng
4253,afr
4254,afr
4255,afr
4256,eng
4257,afr
4258,afr
4259,afr
4260,afr
4261,afr
4262,eng
4263,afr
4264,afr
4265,eng
4266,eng
4267,ssw
4268,afr
4269,afr
4270,afr
4271,nbl
4272,eng
4273,afr
4274,eng
4275,eng
4276,afr
4277,eng
4278,afr
4279,afr
4280,afr
4281,eng
4282,afr
4283,afr
4284,xho
4285,afr
4286,afr
4287,sot
4288,afr
4289,afr
4290,eng
4291,afr
4292,nso
4293,eng
4294,eng
4295,afr
4296,eng
4297,afr
4298,afr
4299,afr
4300,eng
4301,afr
4302,eng
4303,eng
4304,eng
4305,afr
4306,nbl
4307,ssw
4308,ssw
4309,afr
4310,afr
4311,afr
4312,eng
4313,afr
4314,eng
4315,xho
4316,afr
4317,afr
4318,afr
4319,afr
4320,xho
4321,afr
4322,eng
4323,eng
4324,ven
4325,afr
4326,afr
4327,afr
4328,afr
4329,afr
4330,afr
4331,afr
4332,afr
4333,afr
4334,afr
4335,eng
4336,nbl
4337,afr
4338,afr
4339,eng
4340,xho
4341,eng
4342,zul
4343,afr
4344,afr
4345,eng
4346,afr
4347,eng
4348,eng
4349,eng
4350,zul
4351,eng
4352,afr
4353,nbl
4354,afr
4355,eng
4356,afr
4357,afr
4358,afr
4359,afr
4360,xho
4361,eng
4362,afr
4363,xho
4364,nbl
4365,eng
4366,xho
4367,afr
4368,afr
4369,eng
4370,afr
4371,afr
4372,ssw
4373,eng
4374,nbl
4375,afr
4376,eng
4377,afr
4378,eng
4379,eng
4380,zul
4381,afr
4382,afr
4383,eng
4384,afr
4385,afr
4386,nso
4387,eng
4388,afr
4389,nbl
4390,ssw
4391,ven
4392,afr
4393,eng
4394,eng
4395,eng
4396,afr
4397,xho
4398,xho
4399,eng
4400,nbl
4401,afr
4402,ssw
4403,afr
4404,afr
4405,nbl
4406,xho
4407,afr
4408,afr
4409,afr
4410,afr
4411,xho
4412,eng
4413,afr
4414,afr
4415,afr
4416,afr
4417,xho
4418,afr
4419,eng
4420,eng
4421,afr
4422,afr
4423,eng
4424,afr
4425,afr
4426,nbl
4427,eng
4428,afr
4429,afr
4430,afr
4431,eng
4432,eng
4433,xho
4434,eng
4435,ven
4436,ssw
4437,afr
4438,afr
4439,eng
4440,afr
4441,zul
4442,nbl
4443,afr
4444,afr
4445,afr
4446,afr
4447,afr
4448,eng
4449,afr
4450,eng
4451,afr
4452,eng
4453,afr
4454,afr
4455,afr
4456,xho
4457,afr
4458,afr
4459,eng
4460,afr
4461,eng
4462,ven
4463,ssw
4464,eng
4465,afr
4466,afr
4467,eng
4468,afr
4469,eng
4470,afr
4471,afr
4472,nbl
4473,eng
4474,afr
4475,ssw
4476,eng
4477,eng
4478,eng
4479,afr
4480,afr
4481,afr
4482,afr
4483,afr
4484,zul
4485,nso
4486,nso
4487,afr
4488,afr
4489,afr
4490,afr
4491,afr
4492,afr
4493,afr
4494,afr
4495,xho
4496,eng
4497,afr
4498,nbl
4499,eng
4500,eng
4501,afr
4502,eng
4503,afr
4504,afr
4505,afr
4506,afr
4507,afr
4508,xho
4509,afr
4510,afr
4511,eng
4512,afr
4513,eng
4514,afr
4515,afr
4516,afr
4517,afr
4518,afr
4519,eng
4520,afr
4521,afr
4522,afr
4523,afr
4524,afr
4525,afr
4526,afr
4527,eng
4528,eng
4529,afr
4530,afr
4531,afr
4532,afr
4533,afr
4534,eng
4535,nbl
4536,eng
4537,afr
4538,nso
4539,afr
4540,xho
4541,afr
4542,nbl
4543,nbl
4544,afr
4545,eng
4546,afr
4547,eng
4548,afr
4549,xho
4550,afr
4551,afr
4552,nbl
4553,eng
4554,eng
4555,afr
4556,eng
4557,eng
4558,eng
4559,afr
4560,zul
4561,zul
4562,afr
4563,nbl
4564,afr
4565,afr
4566,afr
4567,afr
4568,afr
4569,sot
4570,eng
4571,eng
4572,eng
4573,ssw
4574,afr
4575,eng
4576,eng
4577,afr
4578,afr
4579,afr
4580,afr
4581,afr
4582,eng
4583,afr
4584,afr
4585,eng
4586,afr
4587,afr
4588,afr
4589,eng
4590,eng
4591,eng
4592,afr
4593,afr
4594,afr
4595,afr
4596,eng
4597,afr
4598,nbl
4599,afr
4600,xho
4601,eng
4602,afr
4603,afr
4604,eng
4605,afr
4606,eng
4607,afr
4608,ven
4609,eng
4610,afr
4611,xho
4612,afr
4613,eng
4614,xho
4615,ven
4616,afr
4617,xho
4618,afr
4619,afr
4620,zul
4621,eng
4622,eng
4623,afr
4624,afr
4625,eng
4626,afr
4627,afr
4628,ven
4629,afr
4630,afr
4631,afr
4632,afr
4633,xho
4634,afr
4635,afr
4636,afr
4637,afr
4638,xho
4639,afr
4640,afr
4641,eng
4642,afr
4643,eng
4644,eng
4645,afr
4646,eng
4647,afr
4648,afr
4649,afr
4650,eng
4651,afr
4652,afr
4653,afr
4654,ssw
4655,afr
4656,afr
4657,zul
4658,afr
4659,afr
4660,afr
4661,afr
4662,afr
4663,afr
4664,afr
4665,xho
4666,xho
4667,eng
4668,afr
4669,tso
4670,afr
4671,afr
4672,eng
4673,afr
4674,afr
4675,afr
4676,afr
4677,afr
4678,afr
4679,eng
4680,afr
4681,afr
4682,eng
4683,afr
4684,afr
4685,afr
4686,xho
4687,afr
4688,zul
4689,eng
4690,afr
4691,eng
4692,eng
4693,eng
4694,afr
4695,afr
4696,eng
4697,eng
4698,eng
4699,afr
4700,afr
4701,xho
4702,afr
4703,afr
4704,afr
4705,afr
4706,eng
4707,afr
4708,eng
4709,eng
4710,eng
4711,xho
4712,afr
4713,eng
4714,ven
4715,zul
4716,afr
4717,afr
4718,tso
4719,afr
4720,eng
4721,ssw
4722,afr
4723,zul
4724,afr
4725,eng
4726,eng
4727,afr
4728,eng
4729,afr
4730,ssw
4731,afr
4732,afr
4733,afr
4734,xho
4735,eng
4736,afr
4737,eng
4738,eng
4739,afr
4740,afr
4741,eng
4742,eng
4743,eng
4744,afr
4745,afr
4746,afr
4747,afr
4748,afr
4749,tso
4750,afr
4751,ssw
4752,afr
4753,afr
4754,afr
4755,afr
4756,ven
4757,eng
4758,afr
4759,afr
4760,afr
4761,afr
4762,afr
4763,afr
4764,afr
4765,afr
4766,afr
4767,eng
4768,eng
4769,afr
4770,afr
4771,nbl
4772,eng
4773,afr
4774,eng
4775,nbl
4776,eng
4777,eng
4778,afr
4779,afr
4780,eng
4781,afr
4782,afr
4783,afr
4784,xho
4785,nbl
4786,eng
4787,afr
4788,afr
4789,sot
4790,afr
4791,eng
4792,xho
4793,eng
4794,ven
4795,afr
4796,afr
4797,eng
4798,afr
4799,eng
4800,ven
4801,afr
4802,eng
4803,eng
4804,xho
4805,afr
4806,nbl
4807,eng
4808,eng
4809,xho
4810,nbl
4811,sot
4812,afr
4813,afr
4814,afr
4815,afr
4816,eng
4817,afr
4818,eng
4819,afr
4820,afr
4821,afr
4822,eng
4823,afr
4824,afr
4825,afr
4826,xho
4827,ven
4828,eng
4829,eng
4830,eng
4831,afr
4832,afr
4833,sot
4834,afr
4835,afr
4836,eng
4837,eng
4838,eng
4839,eng
4840,afr
4841,afr
4842,eng
4843,afr
4844,afr
4845,afr
4846,afr
4847,eng
4848,xho
4849,afr
4850,afr
4851,xho
4852,afr
4853,eng
4854,eng
4855,afr
4856,eng
4857,eng
4858,eng
4859,afr
4860,xho
4861,xho
4862,zul
4863,eng
4864,afr
4865,afr
4866,afr
4867,eng
4868,afr
4869,eng
4870,tso
4871,eng
4872,eng
4873,afr
4874,afr
4875,eng
4876,afr
4877,afr
4878,afr
4879,eng
4880,afr
4881,afr
4882,ssw
4883,afr
4884,afr
4885,afr
4886,eng
4887,afr
4888,afr
4889,afr
4890,afr
4891,afr
4892,nbl
4893,afr
4894,afr
4895,afr
4896,ssw
4897,afr
4898,afr
4899,eng
4900,afr
4901,nbl
4902,eng
4903,eng
4904,xho
4905,afr
4906,afr
4907,afr
4908,afr
4909,eng
4910,zul
4911,afr
4912,eng
4913,afr
4914,eng
4915,afr
4916,nso
4917,eng
4918,afr
4919,afr
4920,eng
4921,xho
4922,afr
4923,eng
4924,eng
4925,zul
4926,ssw
4927,afr
4928,eng
4929,afr
4930,eng
4931,afr
4932,eng
4933,eng
4934,afr
4935,eng
4936,xho
4937,eng
4938,afr
4939,eng
4940,eng
4941,afr
4942,afr
4943,eng
4944,xho
4945,afr
4946,eng
4947,afr
4948,afr
4949,xho
4950,afr
4951,tso
4952,ssw
4953,afr
4954,afr
4955,afr
4956,afr
4957,afr
4958,afr
4959,afr
4960,nbl
4961,afr
4962,afr
4963,afr
4964,xho
4965,afr
4966,afr
4967,eng
4968,afr
4969,afr
4970,afr
4971,afr
4972,afr
4973,afr
4974,nbl
4975,xho
4976,eng
4977,afr
4978,afr
4979,ven
4980,afr
4981,xho
4982,zul
4983,afr
4984,eng
4985,ven
4986,eng
4987,afr
4988,ven
4989,afr
4990,ssw
4991,eng
4992,eng
4993,afr
4994,eng
4995,xho
4996,eng
4997,eng
4998,eng
4999,xho
5000,nbl
5001,eng
5002,afr
5003,zul
5004,afr
5005,tso
5006,afr
5007,afr
5008,xho
5009,afr
5010,afr
5011,afr
5012,eng
5013,afr
5014,afr
5015,afr
5016,afr
5017,eng
5018,afr
5019,afr
5020,afr
5021,afr
5022,afr
5023,eng
5024,afr
5025,eng
5026,afr
5027,eng
5028,nbl
5029,eng
5030,afr
5031,eng
5032,eng
5033,nbl
5034,xho
5035,eng
5036,eng
5037,afr
5038,tso
5039,afr
5040,eng
5041,eng
5042,nbl
5043,eng
5044,xho
5045,eng
5046,afr
5047,nso
5048,afr
5049,nbl
5050,afr
5051,eng
5052,eng
5053,afr
5054,eng
5055,afr
5056,afr
5057,ssw
5058,afr
5059,afr
5060,ven
5061,afr
5062,afr
5063,eng
5064,afr
5065,eng
5066,afr
5067,afr
5068,afr
5069,afr
5070,eng
5071,ssw
5072,eng
5073,afr
5074,afr
5075,eng
5076,ssw
5077,xho
5078,xho
5079,afr
5080,afr
5081,afr
5082,afr
5083,afr
5084,afr
5085,eng
5086,eng
5087,afr
5088,afr
5089,eng
5090,afr
5091,afr
5092,xho
5093,afr
5094,afr
5095,ven
5096,xho
5097,afr
5098,eng
5099,xho
5100,zul
5101,ssw
5102,eng
5103,afr
5104,afr
5105,ven
5106,afr
5107,afr
5108,afr
5109,afr
5110,eng
5111,afr
5112,eng
5113,eng
5114,ven
5115,eng
5116,eng
5117,afr
5118,afr
5119,nbl
5120,afr
5121,afr
5122,eng
5123,afr
5124,afr
5125,ssw
5126,xho
5127,afr
5128,afr
5129,afr
5130,afr
5131,ven
5132,eng
5133,afr
5134,afr
5135,afr
5136,eng
5137,eng
5138,eng
5139,afr
5140,eng
5141,eng
5142,eng
5143,nbl
5144,eng
5145,afr
5146,nbl
5147,afr
5148,afr
5149,afr
5150,afr
5151,zul
5152,eng
5153,eng
5154,afr
5155,eng
5156,afr
5157,afr
5158,afr
5159,tso
5160,eng
5161,afr
5162,afr
5163,eng
5164,eng
5165,xho
5166,afr
5167,eng
5168,afr
5169,afr
5170,afr
5171,afr
5172,eng
5173,eng
5174,afr
5175,xho
5176,afr
5177,afr
5178,afr
5179,afr
5180,eng
5181,eng
5182,xho
5183,ssw
5184,afr
5185,eng
5186,eng
5187,afr
5188,afr
5189,afr
5190,afr
5191,afr
5192,eng
5193,afr
5194,eng
5195,afr
5196,afr
5197,ssw
5198,eng
5199,afr
5200,eng
5201,afr
5202,afr
5203,afr
5204,xho
5205,xho
5206,nso
5207,afr
5208,afr
5209,eng
5210,afr
5211,afr
5212,eng
5213,eng
5214,eng
5215,eng
5216,afr
5217,zul
5218,ven
5219,afr
5220,eng
5221,afr
5222,xho
5223,eng
5224,eng
5225,afr
5226,xho
5227,afr
5228,afr
5229,eng
5230,xho
5231,afr
5232,afr
5233,afr
5234,afr
5235,eng
5236,afr
5237,afr
5238,afr
5239,afr
5240,tso
5241,afr
5242,afr
5243,afr
5244,eng
5245,eng
5246,afr
5247,eng
5248,afr
5249,afr
5250,eng
5251,afr
5252,sot
5253,ven
5254,eng
5255,afr
5256,eng
5257,afr
5258,nbl
5259,afr
5260,eng
5261,xho
5262,nso
5263,eng
5264,afr
5265,eng
5266,afr
5267,afr
5268,afr
5269,afr
5270,afr
5271,eng
5272,xho
5273,eng
5274,afr
5275,zul
5276,afr
5277,ssw
5278,eng
5279,eng
5280,xho
5281,eng
5282,eng
5283,afr
5284,afr
5285,afr
5286,afr
5287,afr
5288,eng
5289,eng
5290,afr
5291,afr
5292,eng
5293,nso
5294,afr
5295,afr
5296,eng
5297,afr
5298,afr
5299,xho
5300,nso
5301,eng
5302,afr
5303,eng
5304,ven
5305,afr
5306,ven
5307,ssw
5308,eng
5309,eng
5310,afr
5311,afr
5312,eng
5313,afr
5314,eng
5315,eng
5316,zul
5317,eng
5318,eng
5319,afr
5320,afr
5321,afr
5322,nbl
5323,xho
5324,ven
5325,afr
5326,afr
5327,zul
5328,eng
5329,afr
5330,eng
5331,afr
5332,eng
5333,eng
5334,afr
5335,eng
5336,afr
5337,nbl
5338,afr
5339,afr
5340,sot
5341,sot
5342,afr
5343,eng
5344,eng
5345,afr
5346,eng
5347,xho
5348,afr
5349,eng
5350,afr
5351,afr
5352,afr
5353,afr
5354,afr
5355,afr
5356,afr
5357,afr
5358,afr
5359,xho
5360,ven
5361,afr
5362,afr
5363,afr
5364,eng
5365,eng
5366,afr
5367,eng
5368,afr
5369,afr
5370,ssw
5371,afr
5372,ssw
5373,eng
5374,afr
5375,afr
5376,eng
5377,afr
5378,eng
5379,tso
5380,afr
5381,eng
5382,afr
5383,nbl
5384,afr
5385,eng
5386,afr
5387,xho
5388,afr
5389,afr
5390,afr
5391,eng
5392,afr
5393,eng
5394,eng
5395,afr
5396,afr
5397,eng
5398,sot
5399,afr
5400,eng
5401,nso
5402,eng
5403,afr
5404,afr
5405,sot
5406,eng
5407,afr
5408,eng
5409,afr
5410,eng
5411,eng
5412,nbl
5413,afr
5414,eng
5415,afr
5416,afr
5417,afr
5418,afr
5419,ssw
5420,sot
5421,afr
5422,afr
5423,eng
5424,zul
5425,afr
5426,xho
5427,afr
5428,eng
5429,eng
5430,eng
5431,afr
5432,xho
5433,eng
5434,afr
5435,ven
5436,ven
5437,xho
5438,afr
5439,afr
5440,eng
5441,eng
5442,eng
5443,afr
5444,tso
5445,afr
5446,tso
5447,ssw
5448,eng
5449,afr
5450,eng
5451,afr
5452,eng
5453,afr
5454,afr
5455,afr
5456,tso
5457,eng
5458,afr
5459,eng
5460,afr
5461,xho
5462,afr
5463,eng
5464,eng
5465,eng
5466,afr
5467,afr
5468,afr
5469,afr
5470,afr
5471,afr
5472,afr
5473,zul
5474,eng
5475,afr
5476,afr
5477,afr
5478,xho
5479,eng
5480,xho
5481,afr
5482,afr
5483,afr
5484,xho
5485,nbl
5486,afr
5487,afr
5488,afr
5489,xho
5490,afr
5491,afr
5492,afr
5493,afr
5494,afr
5495,afr
5496,afr
5497,eng
5498,eng
5499,eng
5500,ssw
5501,afr
5502,eng
5503,afr
5504,xho
5505,afr
5506,eng
5507,afr
5508,eng
5509,xho
5510,afr
5511,xho
5512,nbl
5513,afr
5514,afr
5515,afr
5516,afr
5517,afr
5518,afr
5519,afr
5520,afr
5521,afr
5522,eng
5523,afr
5524,afr
5525,zul
5526,eng
5527,eng
5528,afr
5529,afr
5530,eng
5531,afr
5532,afr
5533,eng
5534,afr
5535,nbl
5536,eng
5537,eng
5538,eng
5539,eng
5540,afr
5541,afr
5542,sot
5543,afr
5544,afr
5545,afr
5546,afr
5547,eng
5548,eng
5549,afr
5550,nbl
5551,afr
5552,afr
5553,tso
5554,afr
5555,eng
5556,afr
5557,afr
5558,afr
5559,eng
5560,afr
5561,afr
5562,eng
5563,afr
5564,ven
5565,ven
5566,afr
5567,eng
5568,afr
5569,eng
5570,eng
5571,eng
5572,afr
5573,afr
5574,afr
5575,eng
5576,afr
5577,afr
5578,xho
5579,afr
5580,eng
5581,zul
5582,afr
5583,afr
5584,afr
5585,afr
5586,afr
5587,afr
5588,afr
5589,afr
5590,eng
5591,eng
5592,eng
5593,afr
5594,eng
5595,zul
5596,nbl
5597,afr
5598,eng
5599,eng
5600,afr
5601,afr
5602,afr
5603,eng
5604,eng
5605,afr
5606,afr
5607,eng
5608,eng
5609,afr
5610,afr
5611,ssw
5612,afr
5613,xho
5614,afr
5615,afr
5616,afr
5617,afr
5618,eng
5619,eng
5620,zul
5621,afr
5622,ven
5623,eng
5624,afr
5625,ven
5626,afr
5627,xho
5628,afr
5629,xho
5630,afr
5631,afr
5632,eng
5633,eng
5634,eng
5635,afr
5636,afr
5637,eng
5638,afr
5639,afr
5640,zul
5641,afr
5642,afr
5643,afr
5644,eng
5645,nbl
5646,eng
5647,afr
5648,afr
5649,afr
5650,afr
5651,eng
5652,zul
5653,afr
5654,afr
5655,eng
5656,eng
5657,afr
5658,afr
5659,eng
5660,eng
5661,afr
5662,eng
5663,eng
5664,ssw
5665,eng
5666,xho
5667,afr
5668,afr
5669,eng
5670,afr
5671,nbl
5672,afr
5673,ssw
5674,afr
5675,afr
5676,afr
5677,afr
5678,xho
5679,afr
5680,afr
5681,afr
5682,eng
